MachineName,B_11,E_11,I_11,R_11,B_12,E_12,I_12,R_12
Abidjan,0,0,1,0,0,1,0,0
Achaian,0,0,0,1,0,0,0,1
Achromatophil,1,0,0,0,0,0,0,1
Aegiceras,0,1,0,0,0,0,1,0
Aegiceras,0,1,0,0,0,0,1,0
Aegiceras,0,1,0,0,0,0,1,0
Aegiceras,0,1,0,0,0,0,1,0
Aegiceras,0,1,0,0,0,0,1,0
Africander,0,0,1,0,0,0,0,1
Akha,0,1,0,0,0,0,1,0
Aleppo,0,0,1,0,0,0,0,1
Ambagiousness Graywether,1,0,0,0,0,0,1,0
Ambagiousness Graywether,1,0,0,0,0,0,1,0
Ambagiousness Latrodectus,0,0,0,1,0,0,0,1
Amelanchier II,1,0,0,0,0,0,1,0
Anasa,0,1,0,0,1,0,0,0
Anchoretism,0,1,0,0,0,0,1,0
Andreaeales,0,0,0,1,0,1,0,0
Andreaeales,0,1,0,0,0,0,1,0
Andreaeales,0,1,0,0,0,0,1,0
Anthurium,1,0,0,0,1,0,0,0
Anthurium,1,0,0,0,1,0,0,0
Araban,1,0,0,0,0,0,1,0
Arundo,1,0,0,0,0,0,1,0
Arundo,1,0,0,0,0,0,1,0
Astragalomancy,0,1,0,0,0,0,1,0
Attica,0,0,1,0,0,0,1,0
Attica,0,0,1,0,0,0,1,0
Attica,0,0,1,0,0,0,1,0
Attica,0,0,1,0,0,0,1,0
Attica,0,0,1,0,0,0,1,0
Attica,0,0,1,0,0,0,1,0
Auricula,1,0,0,0,1,0,0,0
Ballottement,0,1,0,0,0,1,0,0
Ballottement,0,1,0,0,0,1,0,0
Ballottement,0,1,0,0,0,1,0,0
Ballottement,0,1,0,0,0,1,0,0
Ballottement Chevy,0,0,0,1,0,1,0,0
Bandung,0,0,0,1,0,0,0,1
Bangui,0,1,0,0,0,1,0,0
Bedcover,1,0,0,0,0,1,0,0
Bedcover,1,0,0,0,0,1,0,0
Bhaga Chloropicrin,1,0,0,0,1,0,0,0
Bhaga Comedietta,0,0,0,1,1,0,0,0
Bhaga Dipteryx,0,0,0,1,0,0,1,0
Bhaga Dipteryx,0,0,0,1,0,0,1,0
Bhaga Hirundo,0,0,1,0,0,0,1,0
Bhaga Hirundo,0,0,1,0,0,0,1,0
Bhaga Steinbok,1,0,0,0,1,0,0,0
Bhaga Steinbok,1,0,0,0,1,0,0,0
Bhaga Yana,0,1,0,0,0,0,0,1
Bhaga Yana,0,1,0,0,0,0,0,1
Bhaga Ytterbite,1,0,0,0,1,0,0,0
Bhaga Ytterbite,1,0,0,0,1,0,0,0
Brayera,0,1,0,0,0,0,1,0
Breakstone,0,0,0,1,0,0,0,1
Breakstone,0,0,0,1,0,0,0,1
Bricole,0,0,1,0,0,1,0,0
Bricole,0,0,1,0,0,1,0,0
Bricole,0,0,1,0,0,1,0,0
Bricole,0,0,1,0,0,1,0,0
Brighton,0,0,1,0,0,0,0,1
Bronze,0,1,0,0,0,0,1,0
Buccaro,0,0,1,0,0,0,1,0
CNS,0,0,1,0,0,0,1,0
CNS,0,0,1,0,0,0,1,0
Cahill,0,0,1,0,1,0,0,0
Calopogon,0,0,1,0,0,0,1,0
Calpca,0,0,1,0,0,0,1,0
Calpca,0,0,1,0,0,0,1,0
Calpca,0,0,1,0,0,0,1,0
Calpca Forebrain,0,0,1,0,0,1,0,0
Calpca Forebrain,0,0,1,0,0,1,0,0
Calpca Forebrain,0,0,1,0,0,1,0,0
Calpca Forebrain,0,0,1,0,0,1,0,0
Calpca Forebrain,0,0,1,0,0,1,0,0
Calpca Forebrain,0,0,1,0,0,1,0,0
Calpca Forebrain,0,0,1,0,0,1,0,0
Calpca Forebrain,0,0,1,0,0,1,0,0
Calpca Forebrain,0,0,1,0,0,1,0,0
Calpca Forebrain,0,0,1,0,0,1,0,0
Calpca Forebrain,0,0,1,0,0,1,0,0
Calpca Forebrain,0,0,1,0,0,1,0,0
Calpca Forebrain,0,0,1,0,0,1,0,0
Calpca Forebrain,0,0,1,0,0,1,0,0
Calpca Forebrain,0,0,0,1,0,1,0,0
Calpca Forebrain,0,0,0,1,0,1,0,0
Calpca Forebrain,0,0,0,1,0,1,0,0
Calpca Forebrain,0,0,0,1,0,1,0,0
Carabineer,1,0,0,0,1,0,0,0
Carabineer,1,0,0,0,1,0,0,0
Carabineer,1,0,0,0,1,0,0,0
Carabineer,1,0,0,0,1,0,0,0
Carabineer,1,0,0,0,1,0,0,0
Carabineer,1,0,0,0,1,0,0,0
Carabineer,1,0,0,0,1,0,0,0
Carabineer,1,0,0,0,1,0,0,0
Carabineer,1,0,0,0,1,0,0,0
Carabineer,1,0,0,0,1,0,0,0
Carabineer,1,0,0,0,1,0,0,0
Carabineer,1,0,0,0,1,0,0,0
Carabineer,1,0,0,0,1,0,0,0
Carabineer,1,0,0,0,1,0,0,0
Carabineer,0,0,0,1,0,1,0,0
Carabineer,0,0,0,1,0,1,0,0
Carburizer Aconcagua,1,0,0,0,0,0,0,1
Carburizer Aconcagua,1,0,0,0,0,0,0,1
Carburizer Affronter,1,0,0,0,1,0,0,0
Carburizer Affronter,1,0,0,0,1,0,0,0
Carburizer Affronter,1,0,0,0,1,0,0,0
Carburizer Balteus,1,0,0,0,0,0,1,0
Carburizer Balteus,1,0,0,0,0,0,1,0
Carburizer Carolinian,0,0,1,0,0,0,0,1
Carburizer Carolinian,0,0,1,0,0,0,0,1
Carburizer Carolinian,0,0,1,0,0,0,0,1
Carburizer Carolinian,0,1,0,0,0,1,0,0
Carburizer Carolinian,0,1,0,0,0,1,0,0
Carburizer Decan,0,0,0,1,0,0,0,1
Carburizer Fict,0,1,0,0,0,0,0,1
Carburizer Fict,0,1,0,0,0,0,0,1
Carburizer Fict,0,1,0,0,0,0,0,1
Carburizer Gregarinida,1,0,0,0,0,0,0,1
Carburizer Isoetaceae,0,0,1,0,0,0,0,1
Carburizer Isoetaceae,0,0,1,0,0,0,0,1
Carburizer Judaica,0,0,1,0,0,0,0,1
Carburizer Judaica,0,0,1,0,0,0,0,1
Carburizer Micruroides,0,1,0,0,0,0,1,0
Carburizer Micruroides,0,1,0,0,0,0,1,0
Carburizer Micruroides,0,0,1,0,0,0,0,1
Carburizer Paedagogy,0,0,1,0,0,0,0,1
Carburizer Paedagogy,0,0,1,0,0,0,0,1
Carburizer Paedagogy,0,0,1,0,0,0,0,1
Carburizer Paedagogy,0,0,1,0,0,0,0,1
Carburizer Paedagogy,0,0,1,0,0,0,0,1
Carburizer Paedagogy,0,0,1,0,0,0,1,0
Carburizer Paedagogy,0,0,1,0,0,0,1,0
Carburizer Paedagogy,0,0,1,0,0,0,1,0
Carburizer Paedagogy,0,0,1,0,0,0,1,0
Carburizer Paedagogy,0,0,1,0,0,0,1,0
Carburizer Paedagogy,0,0,1,0,0,0,1,0
Carburizer Sarawak,1,0,0,0,1,0,0,0
Carburizer Sarawak,1,0,0,0,1,0,0,0
Carburizer Supercredit,0,0,1,0,0,1,0,0
Carburizer Supercredit,0,0,1,0,0,1,0,0
Carburizer Supercredit,1,0,0,0,1,0,0,0
Carburizer Supercredit,1,0,0,0,1,0,0,0
Carburizer Supercredit,1,0,0,0,1,0,0,0
Carburizer Torino,0,1,0,0,0,0,0,1
Carburizer Torino,0,1,0,0,0,0,0,1
Carburizer Torino,0,1,0,0,0,0,0,1
Carburizer Underjudge,0,0,0,1,0,0,0,1
Carburizer Underjudge,0,0,0,1,0,0,0,1
Carburizer Underjudge,0,0,0,1,0,0,0,1
Carburizer Wynnea,0,1,0,0,0,0,1,0
Carburizer Wynnea,0,1,0,0,0,0,1,0
Carburizer Wynnea,0,1,0,0,0,0,1,0
Carburizer Wynnea,0,1,0,0,0,0,1,0
Carburizer Wynnea,0,1,0,0,0,0,1,0
Carburizer Wynnea,1,0,0,0,0,1,0,0
Carburizer Wynnea,1,0,0,0,0,1,0,0
Carburizer Wynnea,1,0,0,0,0,1,0,0
Carburizer Wynnea,1,0,0,0,0,1,0,0
Carpostome,0,1,0,0,1,0,0,0
Carpostome,0,1,0,0,1,0,0,0
Carpostome,0,0,0,1,1,0,0,0
Carpostome,0,0,0,1,1,0,0,0
Carpostome,0,0,1,0,1,0,0,0
Carpostome,0,0,1,0,0,0,1,0
Cashfall Mesh,0,0,1,0,0,1,0,0
Cashfall Swathe,0,0,1,0,0,0,0,1
Catharacta Analysis,0,1,0,0,0,0,0,1
Catharacta Analysis,0,1,0,0,0,0,0,1
Catharacta Chart,1,0,0,0,0,0,0,1
Catharacta Chart,1,0,0,0,0,0,0,1
Catharacta Muddle,0,0,1,0,0,0,0,1
Catharacta Muddle,0,0,1,0,0,0,0,1
Catharacta Saw,0,0,0,1,0,0,0,1
Catharacta Saw,0,0,0,1,0,0,0,1
Catharacta Troop,0,0,0,1,0,0,1,0
Catharacta Troop,0,0,0,1,0,0,1,0
Cattleya,0,0,0,1,0,1,0,0
Cebuella,0,1,0,0,0,1,0,0
Cebuella,0,1,0,0,0,1,0,0
Cebuella,0,1,0,0,0,1,0,0
Centaline Batsman,1,0,0,0,0,0,0,1
Centaline Batsman,1,0,0,0,0,0,0,1
Centaline Convening,1,0,0,0,0,0,1,0
Centaline Convening,1,0,0,0,0,0,1,0
Centaline Epitaph,1,0,0,0,0,0,0,1
Centaline Epitaph,1,0,0,0,0,0,0,1
Centaline Quadratic,0,0,0,1,0,0,1,0
Centaline Quadratic,0,0,0,1,0,0,1,0
Centaline Quadratic,0,0,0,1,0,0,1,0
Chelydri,1,0,0,0,0,0,0,1
Chelydri,1,0,0,0,0,0,0,1
Chelydri,1,0,0,0,0,0,0,1
Chippewa,0,0,0,1,0,0,1,0
Cloisonna,0,1,0,0,0,0,1,0
Cloisonna,0,1,0,0,0,0,1,0
Cnidosporidia,0,1,0,0,0,1,0,0
Colchicaceae,0,0,1,0,0,1,0,0
Colocasia Destiny,0,0,1,0,0,0,0,1
Colocasia Destiny,0,0,1,0,0,0,0,1
Colocasia Destiny,0,0,1,0,0,0,0,1
Colocasia Destiny,0,0,1,0,0,0,1,0
Colocasia Destiny,0,0,1,0,0,0,1,0
Colocasia Destiny,0,0,1,0,0,0,1,0
Colocasia Destiny,0,0,1,0,0,0,1,0
Colocasia Elegance,0,0,1,0,0,0,1,0
Colocasia Elegance,0,0,1,0,0,0,1,0
Colocasia Elegance,0,0,1,0,0,0,1,0
Colocasia Elegance,0,0,1,0,0,0,1,0
Colocasia Elegance,0,0,1,0,0,0,1,0
Conradina,1,0,0,0,0,1,0,0
Coronilla,0,1,0,0,0,0,1,0
Costa Hemin,0,0,1,0,1,0,0,0
Costa Hemin,0,0,1,0,1,0,0,0
Costa Phthalein,0,1,0,0,0,1,0,0
Costa Phthalein,0,1,0,0,0,1,0,0
Costia,1,0,0,0,0,1,0,0
Cytost Ansaid,0,1,0,0,0,1,0,0
Cytost Electroaxis,1,0,0,0,0,1,0,0
Cytost Electroaxis,1,0,0,0,0,1,0,0
Cytost Fibrinase,0,1,0,0,0,0,1,0
Cytost Fibrinase,0,1,0,0,0,0,1,0
Cytost Goethe,1,0,0,0,0,0,0,1
Cytost Goethe,1,0,0,0,0,0,0,1
Cytost Justicoat,1,0,0,0,0,0,0,1
Cytost Liposcelis,0,1,0,0,0,1,0,0
Cytost Nardo,1,0,0,0,1,0,0,0
Cytost Octastylos,0,0,1,0,0,0,1,0
Cytost Pectinatella,0,0,1,0,0,0,1,0
Cytost Sabalo,0,1,0,0,0,0,1,0
Cytost Spyeria,0,1,0,0,0,1,0,0
Cytost Xylostoma,0,1,0,0,0,1,0,0
Decaline Bolwing,0,1,0,0,0,0,1,0
Decaline Bolwing,0,1,0,0,0,0,1,0
Decaline Bolwing,0,1,0,0,0,0,1,0
Decaline Bolwing,0,1,0,0,0,0,1,0
Decaline Bulldozer,1,0,0,0,0,0,1,0
Decaline Challenger,1,0,0,0,0,1,0,0
Decaline Challenger,1,0,0,0,0,1,0,0
Decaline Distrust,1,0,0,0,1,0,0,0
Decaline Distrust,1,0,0,0,1,0,0,0
Decaline Distrust,1,0,0,0,1,0,0,0
Decaline Distrust,1,0,0,0,1,0,0,0
Decaline Eyelid,0,0,1,0,0,0,1,0
Decaline Eyelid,0,0,1,0,0,0,1,0
Decaline Eyelid,0,0,1,0,0,0,1,0
Decaline Gist,0,0,1,0,0,0,1,0
Decaline Gist,0,0,1,0,0,0,1,0
Decaline Ligament,1,0,0,0,0,0,1,0
Decaline Martin,0,0,1,0,0,0,1,0
Decaline Martin,0,0,1,0,0,0,1,0
Decaline Quirk,0,1,0,0,0,1,0,0
Decaline Quirk,0,1,0,0,0,1,0,0
Decaline Ringlet,1,0,0,0,0,1,0,0
Decaline Tinning,1,0,0,0,1,0,0,0
Decaline Tinning,1,0,0,0,1,0,0,0
Decaline Tinning,1,0,0,0,1,0,0,0
Decaline Yielding,0,0,1,0,0,0,0,1
Decennium,0,0,0,1,0,1,0,0
Decennium,0,0,0,1,0,1,0,0
Decennium,0,0,0,1,0,1,0,0
Decerebrate,0,0,0,1,0,1,0,0
Demivierge,0,0,1,0,0,0,1,0
Descartes Angulation,0,0,0,1,1,0,0,0
Descartes Angulation,0,0,0,1,1,0,0,0
Descartes Arabia,0,1,0,0,0,0,1,0
Descartes Babyrousa,1,0,0,0,0,1,0,0
Descartes Basuto,0,0,0,1,0,1,0,0
Descartes Caddicefly,0,1,0,0,0,0,0,1
Descartes Caddicefly,0,1,0,0,0,0,0,1
Descartes Caravinist,0,0,1,0,0,1,0,0
Descartes Carillonneur,0,0,0,1,0,1,0,0
Descartes Citroncirus,0,0,0,1,0,0,1,0
Descartes Dalan,0,0,1,0,0,0,1,0
Descartes Daubery,0,0,1,0,1,0,0,0
Descartes Daubery,0,0,1,0,1,0,0,0
Descartes Fordhooks,0,1,0,0,0,1,0,0
Descartes Fordhooks,0,1,0,0,0,1,0,0
Descartes Fordhooks,0,1,0,0,0,1,0,0
Descartes Gilgamish,1,0,0,0,0,0,0,1
Descartes Haruspex,0,0,1,0,0,1,0,0
Descartes Haruspex,0,0,1,0,0,1,0,0
Descartes Hephaestus,0,0,1,0,0,0,0,1
Descartes Latvia,1,0,0,0,0,0,0,1
Descartes Locke,0,0,0,1,1,0,0,0
Descartes Locke,0,0,0,1,1,0,0,0
Descartes Plupf,0,0,1,0,0,0,1,0
Descartes Quantic,0,0,1,0,1,0,0,0
Descartes Schoolman,0,0,0,1,1,0,0,0
Descartes Troker,0,1,0,0,0,0,1,0
Descartes Vambrace,1,0,0,0,1,0,0,0
Descartes Vambrace,1,0,0,0,1,0,0,0
Diaphysis,0,0,1,0,1,0,0,0
Diplopod,0,0,0,1,1,0,0,0
Diplopod,0,0,0,1,1,0,0,0
Diskography,1,0,0,0,0,0,1,0
Diskography,1,0,0,0,0,0,1,0
Donetsk,0,0,1,0,0,0,1,0
Ecclesia,0,0,1,0,1,0,0,0
Elanus,0,1,0,0,0,0,1,0
Eluvium,0,1,0,0,0,1,0,0
Emptor,0,0,0,1,1,0,0,0
Emptor,0,0,0,1,1,0,0,0
Ennuya,0,0,0,1,0,0,1,0
Ephemeropteran,1,0,0,0,0,0,0,1
Erotogenesis Canoe,0,1,0,0,0,0,0,1
Erotogenesis Canoe,0,1,0,0,0,0,0,1
Erotogenesis Harmony,0,0,1,0,0,0,1,0
Erotogenesis Harmony,0,0,1,0,0,0,1,0
Erotogenesis Keening,1,0,0,0,0,0,1,0
Erotogenesis Keening,1,0,0,0,0,0,1,0
Erotogenesis Mystical,0,1,0,0,0,0,1,0
Erotogenesis Mystical,0,1,0,0,0,0,1,0
Espagnole,0,1,0,0,1,0,0,0
Espagnole,0,1,0,0,1,0,0,0
Espagnole Disrelish,1,0,0,0,1,0,0,0
Espagnole Disrelish,1,0,0,0,1,0,0,0
Excalibur,0,0,0,1,0,0,0,1
Excurvature,0,0,0,1,1,0,0,0
Excurvature MULTI,0,0,0,1,0,1,0,0
Fardel,0,0,0,1,1,0,0,0
Fardel,0,0,0,1,1,0,0,0
Felicia,0,0,1,0,0,0,0,1
Felicia,0,0,1,0,0,0,0,1
Felicia,0,0,1,0,0,0,0,1
Felicia,0,0,1,0,0,0,0,1
Felicia,0,0,1,0,0,0,0,1
Flachette,0,0,1,0,1,0,0,0
Flachette,0,0,1,0,1,0,0,0
Flachette,0,0,1,0,1,0,0,0
Flachette,0,0,1,0,1,0,0,0
Flameholder,1,0,0,0,0,0,1,0
Flav Crank,0,0,1,0,0,1,0,0
Flav Forerunner,1,0,0,0,0,0,1,0
Flav Gardening,1,0,0,0,0,0,1,0
Flav Soberer,0,0,0,1,0,0,0,1
Flav Uptown,0,0,0,1,0,0,0,1
Flav Whirlwind,1,0,0,0,0,1,0,0
Flneur,0,1,0,0,0,0,0,1
Flneur,0,1,0,0,0,0,0,1
Flneur,0,1,0,0,0,0,0,1
Friseur,0,0,0,1,1,0,0,0
Gallopade,1,0,0,0,1,0,0,0
Gascogne,1,0,0,0,0,0,1,0
Gascogne,1,0,0,0,0,0,1,0
Gasman,0,0,0,1,1,0,0,0
Gilguy,0,1,0,0,0,1,0,0
Guayule,0,1,0,0,0,1,0,0
Guayule,0,1,0,0,0,1,0,0
Gypsyhood,0,0,1,0,0,0,0,1
Halobacter Ball,0,1,0,0,0,1,0,0
Halobacter Ball,0,1,0,0,0,1,0,0
Halobacter Blast,0,1,0,0,0,0,1,0
Halobacter Blast,0,1,0,0,0,0,1,0
Halobacter Contact,0,0,1,0,1,0,0,0
Halobacter Contact,0,0,1,0,1,0,0,0
Halobacter Gesundheit,0,0,0,1,0,0,0,1
Halobacter Gesundheit,0,0,0,1,0,0,0,1
Halobacter Help,0,1,0,0,0,1,0,0
Halobacter Help,0,1,0,0,0,1,0,0
Halobacter Never,0,1,0,0,0,1,0,0
Halobacter Never,0,1,0,0,0,1,0,0
Halobacter Real,1,0,0,0,0,0,1,0
Halobacter Real,1,0,0,0,0,0,1,0
Halobacter Roger,0,0,1,0,0,0,1,0
Halobacter Roger,0,0,1,0,0,0,1,0
Halobacter Say,1,0,0,0,0,0,1,0
Halobacter Say,1,0,0,0,0,0,1,0
Halobacter Soft,0,0,0,1,0,0,0,1
Halobacter Soft,0,0,0,1,0,0,0,1
Halobacter Steady,0,0,1,0,0,0,1,0
Halobacter Steady,0,0,1,0,0,0,1,0
Helldiver,0,0,1,0,0,1,0,0
Heteroaromatic,0,0,1,0,0,0,0,1
Huascaran Award,0,1,0,0,0,1,0,0
Huascaran Award,0,1,0,0,0,1,0,0
Huascaran Award,0,0,1,0,0,0,1,0
Huascaran Award,0,0,1,0,0,0,1,0
Huascaran Nation,0,1,0,0,0,1,0,0
Huascaran Nation,0,1,0,0,0,1,0,0
Huascaran Nation,0,0,1,0,1,0,0,0
Huascaran Nation,0,0,1,0,1,0,0,0
Huascaran Yesterday,1,0,0,0,0,0,1,0
Huascaran Yesterday,1,0,0,0,0,0,1,0
Huascaran Yesterday,1,0,0,0,0,1,0,0
Huascaran Yesterday,1,0,0,0,0,1,0,0
Huguenot,0,1,0,0,0,1,0,0
Huguenot,0,1,0,0,0,1,0,0
Huguenot,0,1,0,0,0,1,0,0
Huguenot,0,1,0,0,0,1,0,0
Hygroscope,0,0,1,0,0,1,0,0
Isopectic Affirmatory,0,1,0,0,0,1,0,0
Isopectic Affirmatory,0,1,0,0,0,1,0,0
Isopectic Altering,0,0,1,0,0,1,0,0
Isopectic Altering,0,0,1,0,0,1,0,0
Isopectic Am,0,1,0,0,0,1,0,0
Isopectic Am,0,1,0,0,0,1,0,0
Isopectic Continental,0,0,0,1,0,0,0,1
Isopectic Continental,0,0,0,1,0,0,0,1
Isopectic Continental,0,0,0,1,0,0,0,1
Isopectic Digitigrade,0,1,0,0,0,1,0,0
Isopectic Digitigrade,0,1,0,0,0,1,0,0
Isopectic Digitigrade,0,1,0,0,0,1,0,0
Isopectic Encoding,0,0,0,1,0,0,0,1
Isopectic Encoding,0,0,0,1,0,0,0,1
Isopectic Encoding,0,0,0,1,0,0,0,1
Isopectic Encoding,0,0,0,1,0,0,0,1
Isopectic Encoding,0,0,0,1,0,0,0,1
Isopectic Encoding,0,1,0,0,1,0,0,0
Isopectic Encoding,0,1,0,0,1,0,0,0
Isopectic Encoding,0,1,0,0,1,0,0,0
Isopectic Encoding,0,1,0,0,1,0,0,0
Isopectic Encoding,0,1,0,0,1,0,0,0
Isopectic Encoding,0,1,0,0,1,0,0,0
Isopectic Encoding,0,0,0,1,0,1,0,0
Isopectic Encoding,0,0,0,1,0,1,0,0
Isopectic Encoding,0,0,0,1,0,1,0,0
Isopectic Encoding,0,0,0,1,0,1,0,0
Isopectic Encoding,0,0,0,1,0,0,0,1
Isopectic Encoding,0,0,0,1,0,0,0,1
Isopectic Encoding,0,0,0,1,0,0,0,1
Isopectic Encoding,0,0,0,1,0,0,0,1
Isopectic Encoding,0,0,0,1,0,0,0,1
Isopectic Encoding,0,0,0,1,0,0,0,1
Isopectic Encoding,0,0,0,1,0,0,0,1
Isopectic Encoding,0,0,0,1,0,0,0,1
Isopectic Encoding,0,0,0,1,0,0,0,1
Isopectic Encoding,0,0,0,1,0,0,0,1
Isopectic Encoding,0,0,0,1,0,0,0,1
Isopectic Encoding,0,0,0,1,0,0,0,1
Isopectic Female,0,0,0,1,0,0,1,0
Isopectic Female,0,0,0,1,0,0,1,0
Isopectic Female,0,0,1,0,0,0,1,0
Isopectic Female,0,0,1,0,0,0,1,0
Isopectic Female,0,0,1,0,0,0,1,0
Isopectic Guy,0,0,1,0,0,0,1,0
Isopectic Guy,0,0,1,0,0,0,1,0
Isopectic Guy,0,0,1,0,0,0,1,0
Isopectic Guy,0,0,1,0,0,0,1,0
Isopectic Guy,0,0,1,0,0,0,1,0
Isopectic Guy,0,0,1,0,0,0,1,0
Isopectic Hypethral,0,0,0,1,0,0,0,1
Isopectic Laying,0,1,0,0,0,1,0,0
Isopectic Majority,1,0,0,0,0,0,1,0
Isopectic Majority,1,0,0,0,0,0,1,0
Isopectic Music,0,0,1,0,0,0,0,1
Isopectic Myth,1,0,0,0,0,0,1,0
Isopectic Myth,1,0,0,0,0,0,1,0
Isopectic Myth,1,0,0,0,0,0,1,0
Isopectic Myth,1,0,0,0,0,0,1,0
Isopectic Myth,1,0,0,0,0,0,1,0
Isopectic Myth,1,0,0,0,0,0,1,0
Isopectic Myth,1,0,0,0,0,0,1,0
Isopectic Myth,1,0,0,0,0,0,1,0
Isopectic Myth,1,0,0,0,0,0,1,0
Isopectic Myth,1,0,0,0,0,0,1,0
Isopectic Postulate,0,1,0,0,0,0,1,0
Isopectic Postulate,0,1,0,0,0,0,1,0
Isopectic Postulate,0,1,0,0,0,1,0,0
Isopectic Postulate,0,0,0,1,0,0,1,0
Isopectic Postulate,0,0,0,1,0,0,1,0
Isopectic Postulate,0,0,0,1,0,0,1,0
Isopectic Postulate,0,0,0,1,0,0,1,0
Isopectic Postulate,0,0,0,1,0,0,1,0
Isopectic Reflection,1,0,0,0,0,1,0,0
Isopectic Surplus,0,1,0,0,0,1,0,0
Isopectic Surplus,0,1,0,0,0,1,0,0
Isopectic Symposiac,0,1,0,0,0,0,1,0
Isopectic Symposiac,0,1,0,0,0,0,1,0
Isopectic Theft,0,0,1,0,0,0,0,1
Isopectic Theft,0,0,1,0,0,0,0,1
Isopectic Trick,0,0,1,0,0,1,0,0
Isopectic Trick,0,0,1,0,0,1,0,0
Isopectic Trick,0,0,1,0,0,1,0,0
Isopectic Trick,0,0,1,0,0,1,0,0
Isopectic Trick,0,0,1,0,0,1,0,0
Isopectic Trick,1,0,0,0,1,0,0,0
Isopectic Trick,1,0,0,0,1,0,0,0
Isopectic Trick,1,0,0,0,1,0,0,0
Isopectic Trick,1,0,0,0,1,0,0,0
Isopectic Trick,0,1,0,0,0,1,0,0
Isopectic Trick,0,1,0,0,0,1,0,0
Isopectic Trick,0,1,0,0,0,1,0,0
Isopectic Trick,0,1,0,0,0,1,0,0
Isopectic Trick,0,1,0,0,0,1,0,0
Isopectic Trick,0,1,0,0,0,1,0,0
Isopectic Trick,0,0,1,0,0,0,1,0
Isopectic Trick,0,0,1,0,0,0,1,0
Isopectic Trick,0,0,1,0,0,0,1,0
Isopectic Trick,0,0,1,0,0,0,1,0
Isopectic Trick,0,0,1,0,0,0,1,0
Isopectic Urnfield,0,0,0,1,0,0,1,0
Isopectic Urnfield,0,0,0,1,0,0,1,0
Isopectic Urnfield,0,0,0,1,0,0,1,0
Isopectic Urnfield,0,0,0,1,0,0,1,0
Isopectic Vermicular,0,1,0,0,0,0,1,0
Isopectic Video,1,0,0,0,0,0,0,1
Isopectic Video,1,0,0,0,0,0,0,1
Italian Acephaly,0,0,1,0,0,0,0,1
Italian Acephaly,0,0,1,0,0,0,0,1
Italian Acephaly,0,0,1,0,0,0,0,1
Italian Acephaly,0,0,1,0,0,0,0,1
Italian Acephaly,1,0,0,0,0,0,1,0
Italian Acephaly,1,0,0,0,0,0,1,0
Italian Acephaly,1,0,0,0,0,0,1,0
Italian ML,0,0,0,1,0,0,0,1
Italian ML,0,0,0,1,0,0,0,1
Italian ML,0,0,0,1,0,0,0,1
Italian ML,0,0,0,1,0,0,0,1
Italian ML,0,0,0,1,0,0,0,1
Italian ML,1,0,0,0,0,0,0,1
Italian ML,1,0,0,0,0,0,0,1
Italian ML,1,0,0,0,0,0,0,1
Italian Undermiller,0,0,1,0,0,0,0,1
Italian Undermiller,0,0,1,0,0,0,0,1
Italian Undermiller,0,0,1,0,0,0,0,1
Italian Undermiller,0,0,1,0,0,0,0,1
Kalahari,0,0,1,0,0,0,1,0
Kalahari,0,0,1,0,0,0,1,0
Kalahari,0,0,1,0,0,0,1,0
Kalahari,0,0,1,0,0,0,1,0
Krummhorn,1,0,0,0,1,0,0,0
Kweek,0,1,0,0,0,0,1,0
Kweek,0,1,0,0,0,0,1,0
Lapp,0,0,0,1,0,0,1,0
Lapp,0,1,0,0,0,1,0,0
Lepiotaceae,1,0,0,0,1,0,0,0
Lepiotaceae,1,0,0,0,1,0,0,0
Lepiotaceae,0,1,0,0,0,0,1,0
Lepiotaceae,0,1,0,0,0,0,1,0
Lepiotaceae,0,0,0,1,0,0,0,1
Lepiotaceae,0,0,0,1,0,0,0,1
Lepiotaceae,0,0,0,1,0,0,0,1
Lepiotaceae,0,0,0,1,0,0,0,1
Lexington Juggernaut,0,1,0,0,0,1,0,0
Lexington Juggernaut,0,1,0,0,0,1,0,0
Lexington Juggernaut,0,1,0,0,0,1,0,0
Lexington Juggernaut,0,1,0,0,0,1,0,0
Lexington Staking,1,0,0,0,0,0,1,0
Lexington Staking,1,0,0,0,0,0,1,0
Lexington Staking,1,0,0,0,0,0,1,0
Lexington Staking,1,0,0,0,0,0,1,0
Lietuva,0,1,0,0,1,0,0,0
Lietuva,0,1,0,0,1,0,0,0
Littrateur Antiprelatist,0,0,1,0,0,0,1,0
Littrateur Arthropteris,0,0,1,0,0,0,1,0
Littrateur Arthropteris,0,0,1,0,0,0,1,0
Littrateur Isoptin,1,0,0,0,0,0,1,0
Littrateur Isoptin,0,1,0,0,0,1,0,0
Littrateur Radiov,0,0,0,1,0,0,1,0
Littrateur Ruscaceae,1,0,0,0,0,1,0,0
Littrateur Ruscaceae,1,0,0,0,0,1,0,0
Macrotis,1,0,0,0,0,0,1,0
Magh,1,0,0,0,0,0,1,0
Marmite PRO,0,0,1,0,0,1,0,0
Marmite PRO MAX,0,0,1,0,1,0,0,0
Marmite PRO MAX,0,0,1,0,1,0,0,0
Martinmas,0,0,1,0,0,0,0,1
Martinmas,0,0,1,0,0,0,0,1
Mastocyte,0,1,0,0,0,0,0,1
Mastocyte,0,1,0,0,0,0,0,1
Mastocyte,0,1,0,0,0,0,0,1
Meletin,0,1,0,0,0,1,0,0
Membracidae,0,0,0,1,0,0,0,1
Metacryst,0,1,0,0,0,0,1,0
Metatrophy,0,1,0,0,0,1,0,0
Michaelmas,0,0,0,1,1,0,0,0
Michaelmas,0,0,0,1,1,0,0,0
Michaelmas,0,0,0,1,1,0,0,0
Michaelmas,0,0,0,1,1,0,0,0
Michaelmas,0,0,0,1,1,0,0,0
Michaelmas,0,0,0,1,1,0,0,0
Michaelmas,0,0,0,1,1,0,0,0
Michaelmas,0,0,0,1,1,0,0,0
Michaelmas,0,0,0,1,1,0,0,0
Michaelmas,0,0,0,1,1,0,0,0
Michaelmas,0,0,0,1,0,1,0,0
Michaelmas,1,0,0,0,1,0,0,0
Michaelmas Deluxe,0,1,0,0,1,0,0,0
Michaelmas MAX,0,0,1,0,1,0,0,0
Michaelmas MAX,0,0,1,0,1,0,0,0
Michaelmas MAX,0,0,1,0,1,0,0,0
Michaelmas MAX,0,0,1,0,1,0,0,0
Michaelmas PRO,0,1,0,0,0,1,0,0
Michaelmas PRO V2,0,1,0,0,0,1,0,0
Misbelief Charactery,0,1,0,0,1,0,0,0
Misbelief Peplos,0,0,0,1,1,0,0,0
Misreckon MAX,0,0,1,0,0,1,0,0
Misreckon MAX,0,0,1,0,0,1,0,0
Misreckon MAX,0,0,1,0,0,1,0,0
Mojave,0,1,0,0,1,0,0,0
Mojave,0,0,1,0,0,0,1,0
Mojave,1,0,0,0,0,0,1,0
Mojave,1,0,0,0,0,0,1,0
Mojave,0,0,1,0,1,0,0,0
Mojave,0,0,0,1,0,1,0,0
Multiped Coelenteron,1,0,0,0,1,0,0,0
Multiped Coelenteron,1,0,0,0,1,0,0,0
Multiped Demonography,0,1,0,0,1,0,0,0
Multiped Demonography,0,1,0,0,1,0,0,0
Multiped Demonography,0,0,0,1,1,0,0,0
Multiped Demonography,0,0,0,1,1,0,0,0
Multiped Desiderative,0,1,0,0,1,0,0,0
Multiped Desiderative,0,1,0,0,1,0,0,0
Multiped Desiderative,0,1,0,0,1,0,0,0
Multiped Duodecimo,0,0,1,0,0,1,0,0
Multiped Footle,0,0,1,0,1,0,0,0
Multiped Footle,1,0,0,0,1,0,0,0
Multiped Fuzee,0,0,1,0,1,0,0,0
Multiped Fuzee,0,0,1,0,1,0,0,0
Multiped Fuzee,0,0,1,0,1,0,0,0
Multiped Geneva,0,0,0,1,0,1,0,0
Multiped Hypoderm,0,0,1,0,0,1,0,0
Multiped Irisation,0,0,1,0,1,0,0,0
Multiped Irisation,0,0,1,0,1,0,0,0
Multiped Laudation,0,1,0,0,1,0,0,0
Multiped Nicotiana,1,0,0,0,1,0,0,0
Multiped Sendal,0,1,0,0,0,1,0,0
Multiped Sendal,0,0,1,0,0,1,0,0
Multiped Sendal,0,0,1,0,0,1,0,0
Multiped Sendal,0,0,0,1,1,0,0,0
Multiped Sporangium,0,1,0,0,0,1,0,0
Multiped Sporangium,0,1,0,0,0,1,0,0
Multiped Sporangium,1,0,0,0,0,1,0,0
Multiped Sporangium,1,0,0,0,0,1,0,0
Multiped Tessera,0,0,0,1,1,0,0,0
Multiped Tessera,0,0,0,1,1,0,0,0
Multiped Underlinen,1,0,0,0,1,0,0,0
Multiped Underlinen,1,0,0,0,1,0,0,0
Multiped Underlinen,0,1,0,0,0,1,0,0
Nanticoke Heliophila,0,0,0,1,0,0,0,1
Nanticoke Heliophila,0,0,0,1,0,0,0,1
Nanticoke Stabroek,0,0,0,1,0,0,0,1
Nanticoke Stabroek,0,0,0,1,0,0,0,1
Nanticoke Zacatun,0,0,1,0,0,0,1,0
Nanticoke Zacatun,0,0,1,0,0,0,1,0
Nondefiner Fingertip,0,1,0,0,0,0,1,0
Nondefiner Fingertip,0,1,0,0,0,0,1,0
Nondefiner Foretaste,0,1,0,0,0,0,1,0
Nondefiner Foretaste,0,1,0,0,0,0,1,0
Nondefiner Foretaste,0,0,1,0,0,0,1,0
Nonfilter,0,1,0,0,0,1,0,0
Nonfilter,0,1,0,0,0,1,0,0
Nonfilter,0,1,0,0,0,1,0,0
Nonfilter,0,1,0,0,0,1,0,0
Notensility,1,0,0,0,0,1,0,0
Notensility,1,0,0,0,0,1,0,0
Notensility,1,0,0,0,0,1,0,0
Notensility,1,0,0,0,0,1,0,0
Notensility,0,1,0,0,0,0,1,0
Notensility,0,1,0,0,0,0,1,0
Novial,0,0,0,1,0,0,1,0
Novial,0,0,0,1,0,0,1,0
Novial,0,0,0,1,0,0,1,0
Novial,0,0,0,1,0,0,1,0
Oenothera Rhizopoda,1,0,0,0,0,0,1,0
Oenothera Rhizopoda,1,0,0,0,0,0,1,0
Oenothera Upaya,0,1,0,0,0,0,1,0
Oenothera Upaya,0,1,0,0,0,0,1,0
Oglala,0,0,1,0,0,0,1,0
Oglala,0,0,1,0,0,0,1,0
Oglala,0,1,0,0,0,1,0,0
Oomycetes,0,1,0,0,0,0,0,1
Orcinus Triclinic,1,0,0,0,0,0,1,0
Orcinus Triclinic,0,0,1,0,0,0,0,1
Orcinus Vinegarish,0,0,1,0,0,0,1,0
Orcinus Vinegarish,0,0,1,0,0,0,1,0
Orcinus Vinegarish,0,0,1,0,0,0,1,0
Pakchoi,0,0,0,1,1,0,0,0
Pakchoi,1,0,0,0,0,0,0,1
Pangea,0,0,0,1,0,0,1,0
Pashka,0,0,0,1,1,0,0,0
Pedaliaceae,0,0,1,0,0,0,1,0
Pelecanoididae,0,0,1,0,0,0,0,1
Pelecanoididae,0,0,1,0,0,0,0,1
Pellaea,0,1,0,0,0,1,0,0
Pellaea,0,1,0,0,0,1,0,0
Pellaea,0,1,0,0,0,1,0,0
Pellaea,0,1,0,0,0,1,0,0
Pellaea,0,1,0,0,0,1,0,0
Pentateuch,1,0,0,0,0,0,1,0
Pernor,0,0,1,0,0,1,0,0
Phalangium Bacciferous,1,0,0,0,0,0,1,0
Phalangium Bacciferous,1,0,0,0,0,0,1,0
Phalangium Indign,0,0,1,0,0,0,1,0
Phalangium Indign,0,0,1,0,0,0,1,0
Phasianid Chachia,0,0,1,0,0,0,0,1
Phasianid Chachia,0,0,1,0,0,0,0,1
Phasianid Coccidae,1,0,0,0,0,1,0,0
Phasianid Tasseler,0,1,0,0,0,1,0,0
Photopathy,0,1,0,0,0,1,0,0
Pinnotheridae,1,0,0,0,0,1,0,0
Piquet,0,1,0,0,0,1,0,0
Piquet,0,1,0,0,0,1,0,0
Plectania,1,0,0,0,0,0,1,0
Pooecetes,0,0,0,1,0,0,0,1
Pooecetes,0,0,0,1,0,0,0,1
Poronotus Creosote,1,0,0,0,0,0,1,0
Poronotus Creosote,1,0,0,0,0,0,1,0
Poronotus Crystal,0,1,0,0,0,1,0,0
Poronotus Crystal,0,1,0,0,0,1,0,0
Poronotus Pimiento,0,0,1,0,0,0,0,1
Precipitancy,0,0,1,0,0,1,0,0
Predebater,1,0,0,0,1,0,0,0
Predebater,1,0,0,0,1,0,0,0
Premate,1,0,0,0,0,1,0,0
Prepromise,0,0,0,1,0,0,1,0
Prodomos,0,0,0,1,0,0,0,1
Prodomos,0,0,0,1,0,0,0,1
Prodomos,0,0,0,1,0,0,0,1
Proventil,0,0,0,1,0,0,1,0
Pyrrolidine,0,1,0,0,0,1,0,0
Pyrrolidine,0,0,1,0,1,0,0,0
Reinclusion,0,0,0,1,0,0,1,0
Reversionist,0,0,1,0,0,1,0,0
Reversionist,0,0,1,0,0,1,0,0
Reveverberatory Bismark,0,1,0,0,1,0,0,0
Reveverberatory Bismark,0,1,0,0,1,0,0,0
Reveverberatory Churr,1,0,0,0,1,0,0,0
Reveverberatory Churr,1,0,0,0,1,0,0,0
Reveverberatory Churr,1,0,0,0,1,0,0,0
Reveverberatory Churr,1,0,0,0,1,0,0,0
Reveverberatory Droshky,0,1,0,0,1,0,0,0
Reveverberatory Lysiloma,0,0,1,0,0,0,1,0
Reveverberatory Lysiloma,0,0,1,0,0,0,1,0
Reveverberatory Omentum,0,0,0,1,1,0,0,0
Reveverberatory Omentum,0,0,0,1,1,0,0,0
Reveverberatory Omentum,0,0,0,1,1,0,0,0
Reveverberatory Theatticalism,0,1,0,0,0,0,0,1
Reveverberatory Theatticalism,0,1,0,0,0,0,0,1
Reveverberatory Vesicaria,0,0,0,1,0,1,0,0
Reveverberatory Vesicaria,0,0,0,1,0,1,0,0
Reveverberatory Vociferant,0,0,1,0,0,1,0,0
Reveverberatory Vociferant,0,0,1,0,0,1,0,0
Saboath,0,0,1,0,0,0,1,0
Scraperboard,1,0,0,0,1,0,0,0
Scyelite,0,0,1,0,0,1,0,0
Scyelite,0,0,0,1,0,0,0,1
Sison,0,1,0,0,0,0,1,0
Sison,0,1,0,0,0,0,1,0
Skipjack,0,0,1,0,1,0,0,0
Skipjack,0,0,0,1,0,1,0,0
Skipjack,0,0,0,1,0,1,0,0
Squeateague,1,0,0,0,1,0,0,0
Staurikosaur Cellulous,0,1,0,0,0,1,0,0
Staurikosaur Pulmonate,0,0,0,1,0,0,1,0
Steatornis,0,0,1,0,0,1,0,0
Subideal,1,0,0,0,0,1,0,0
Subideal,1,0,0,0,0,1,0,0
Subideal,1,0,0,0,0,1,0,0
Subideal,1,0,0,0,0,1,0,0
Sulawesi,0,0,0,1,0,0,0,1
Tails,0,0,0,1,0,0,0,1
Tapeman,0,0,1,0,0,1,0,0
Tapeman,0,0,1,0,0,1,0,0
Teletube,0,0,1,0,0,0,1,0
Tetranychid,0,0,1,0,0,0,0,1
Tetranychid,0,0,1,0,0,0,0,1
Thelephoraceae,0,1,0,0,0,0,0,1
Thelephoraceae Atelectasis,0,0,0,1,0,1,0,0
Thelephoraceae Atelectasis,0,0,0,1,0,1,0,0
Thelephoraceae Tonneau,1,0,0,0,0,1,0,0
Thoreau,0,0,0,1,0,0,0,1
Tickweed,0,0,0,1,0,0,0,1
Tickweed,0,0,0,1,0,0,0,1
Tickweed,0,0,0,1,0,0,0,1
Tickweed,0,0,0,1,0,0,0,1
Torero,0,1,0,0,0,1,0,0
Torero,0,1,0,0,0,1,0,0
Torero,0,1,0,0,0,1,0,0
Torero,0,1,0,0,0,1,0,0
Towage,0,0,1,0,1,0,0,0
Towage,0,0,1,0,1,0,0,0
Trephritidae Baggiest,0,0,0,1,0,0,0,1
Trephritidae Baggiest,0,0,0,1,0,0,0,1
Trephritidae Beardless,1,0,0,0,1,0,0,0
Trephritidae Beardless,1,0,0,0,1,0,0,0
Trephritidae Chocolaty,0,0,1,0,1,0,0,0
Trephritidae Chocolaty,0,0,1,0,1,0,0,0
Trephritidae Clonal,1,0,0,0,0,0,1,0
Trephritidae Compressive,0,1,0,0,1,0,0,0
Trephritidae Compressive,0,1,0,0,1,0,0,0
Trephritidae Condign,0,0,1,0,0,0,1,0
Trephritidae Disyllabic,1,0,0,0,0,1,0,0
Trephritidae Futurism,0,0,0,1,1,0,0,0
Trephritidae Futurism,0,0,0,1,1,0,0,0
Trephritidae Miscible,1,0,0,0,1,0,0,0
Trephritidae Miscible,1,0,0,0,1,0,0,0
Trephritidae Northwestward,1,0,0,0,1,0,0,0
Trephritidae Northwestward,1,0,0,0,1,0,0,0
Trephritidae Notational,0,0,0,1,1,0,0,0
Trephritidae Notational,0,0,0,1,1,0,0,0
Trephritidae Palmate,0,0,0,1,0,0,1,0
Trephritidae Speakable,0,1,0,0,0,1,0,0
Trephritidae Speakable,0,1,0,0,0,1,0,0
Trephritidae Stripy,1,0,0,0,0,0,1,0
Trephritidae Swarthy,0,0,0,1,0,0,0,1
Trephritidae Tearless,0,1,0,0,0,1,0,0
Trephritidae Tearless,0,1,0,0,0,1,0,0
Trephritidae Touristic,0,0,0,1,1,0,0,0
Trephritidae Touristic,0,0,0,1,1,0,0,0
Trephritidae Ventilated,0,0,1,0,0,0,0,1
Trephritidae Ventilated,0,0,1,0,0,0,0,1
Trichechus,1,0,0,0,0,1,0,0
Trondhjemite,0,0,0,1,0,1,0,0
Truman,0,0,1,0,0,1,0,0
Trumscheit,0,1,0,0,0,0,1,0
Trumscheit,0,1,0,0,0,0,1,0
Trumscheit,0,1,0,0,0,0,1,0
Trumscheit,0,1,0,0,0,0,1,0
Trumscheit,0,1,0,0,0,0,1,0
Tupaidae,1,0,0,0,1,0,0,0
Tupaidae,1,0,0,0,1,0,0,0
Tupaidae,1,0,0,0,1,0,0,0
Tupaidae,1,0,0,0,1,0,0,0
Tupaidae,1,0,0,0,1,0,0,0
Tupaidae,1,0,0,0,1,0,0,0
Tupaidae,1,0,0,0,1,0,0,0
Tupaidae,1,0,0,0,1,0,0,0
Ungula,1,0,0,0,1,0,0,0
Vaisya MM,0,0,1,0,0,0,0,1
Vaisya MM,0,0,1,0,0,0,0,1
Vaisya MM,0,0,1,0,0,0,0,1
Vaisya MM,0,0,1,0,0,0,0,1
Vaisya MM,0,0,1,0,0,0,0,1
Vaisya MM,0,0,1,0,0,0,0,1
Vaisya MM,0,1,0,0,0,0,0,1
Vaisya MM,0,1,0,0,0,0,0,1
Vaisya MM,0,1,0,0,0,0,0,1
Vaisya MM,0,1,0,0,0,0,0,1
Vaisya MM,0,1,0,0,0,0,0,1
Vaisya MM,0,1,0,0,0,0,0,1
Vaisya MM,0,1,0,0,0,0,0,1
Vaisya MM,0,1,0,0,0,0,0,1
Vaisya MX,0,0,1,0,0,0,1,0
Vaisya MX,0,0,1,0,0,0,1,0
Virga,0,0,0,1,1,0,0,0
Virga,0,0,0,1,1,0,0,0
Virga,0,0,0,1,1,0,0,0
Virga,0,0,0,1,1,0,0,0
Virga,0,0,0,1,1,0,0,0
WHR,0,0,0,1,1,0,0,0
WHR,0,0,0,1,1,0,0,0
Westwork,0,1,0,0,0,0,0,1
Windedness,0,1,0,0,0,1,0,0
Woodwaxen,0,0,1,0,1,0,0,0
